generation,fitness
1,2
2,4
3,6
4,8
5,10
6,12
7,14
8,15.904761904761905
9,17.904761904761905
10,19.904761904761905
11,21.904761904761905
12,23.904761904761905
13,25.904761904761905
14,27.904761904761905
15,29.714285714285715
16,31.428571428571427
17,33.42857142857143
18,35.42857142857143
19,37.333333333333336
20,39.23809523809524
21,41.23809523809524
22,43.04761904761905
23,44.76190476190476
24,46.76190476190476
25,48.76190476190476
26,50.666666666666664
27,52.57142857142857
28,54.476190476190474
29,56.38095238095238
30,58.19047619047619
31,60
32,62
33,63.80952380952381
34,65.80952380952381
35,67.42857142857143
36,69.33333333333333
37,71.33333333333333
38,72.85714285714286
39,74.47619047619048
40,76.28571428571429
41,78.0952380952381
42,79.9047619047619
43,81.71428571428571
44,83.61904761904762
45,85.61904761904762
46,87.42857142857143
47,89.23809523809524
48,90.95238095238095
49,92.76190476190476
50,94.76190476190476
51,96.47619047619048
52,98.0952380952381
53,99.9047619047619
54,101.71428571428571
55,103.14285714285714
56,104.95238095238095
57,106.85714285714286
58,108.57142857142857
59,110.47619047619048
60,112.0952380952381
61,114
62,115.71428571428571
63,117.33333333333333
64,119.23809523809524
65,120.76190476190476
66,122.47619047619048
67,124
68,125.61904761904762
69,127.42857142857143
70,129.23809523809524
71,131.04761904761904
72,132.66666666666666
73,134.66666666666666
74,136.47619047619048
75,138.1904761904762
76,139.61904761904762
77,140.95238095238096
78,142.57142857142858
79,144.38095238095238
80,145.71428571428572
81,147.04761904761904
82,148.85714285714286
83,150.76190476190476
84,152.1904761904762
85,153.8095238095238
86,155.42857142857142
87,156.95238095238096
88,158.47619047619048
89,160.1904761904762
90,161.8095238095238
91,163.52380952380952
92,165.14285714285714
93,166.95238095238096
94,168.38095238095238
95,169.8095238095238
96,171.14285714285714
97,172.57142857142858
98,174.28571428571428
99,175.8095238095238
100,177.33333333333334
101,179.14285714285714
102,180.57142857142858
103,182.0952380952381
104,183.71428571428572
105,185.14285714285714
106,186.95238095238096
107,188.57142857142858
108,189.9047619047619
109,191.04761904761904
110,192.47619047619048
111,194.1904761904762
112,195.9047619047619
113,197.61904761904762
114,199.14285714285714
115,200.76190476190476
116,202.0952380952381
117,203.52380952380952
118,205.33333333333334
119,206.47619047619048
120,207.9047619047619
121,209.23809523809524
122,210.47619047619048
123,212.0952380952381
124,213.14285714285714
125,214.95238095238096
126,216.57142857142858
127,218.28571428571428
128,219.9047619047619
129,221.8095238095238
130,223.23809523809524
131,224.28571428571428
132,225.61904761904762
133,227.04761904761904
134,228.0952380952381
135,229.42857142857142
136,230.95238095238096
137,232.47619047619048
138,233.9047619047619
139,235.42857142857142
140,236.47619047619048
141,238
142,239.23809523809524
143,240.66666666666666
144,242.0952380952381
145,243.61904761904762
146,244.85714285714286
147,246.28571428571428
148,247.71428571428572
149,249.14285714285714
150,250.47619047619048
151,252.1904761904762
152,253.61904761904762
153,254.57142857142858
154,255.71428571428572
155,257.23809523809524
156,258.57142857142856
157,259.7142857142857
158,260.85714285714283
159,262.2857142857143
160,263.5238095238095
161,265.04761904761904
162,266.2857142857143
163,267.8095238095238
164,268.95238095238096
165,270.2857142857143
166,271.3333333333333
167,272.6666666666667
168,273.9047619047619
169,274.85714285714283
170,276
171,277.3333333333333
172,278.0952380952381
173,279.5238095238095
174,280.57142857142856
175,282
176,283.14285714285717
177,284.4761904761905
178,285.5238095238095
179,286.76190476190476
180,287.9047619047619
181,289.04761904761904
182,289.7142857142857
183,291.23809523809524
184,292.3809523809524
185,293.7142857142857
186,294.6666666666667
187,296.2857142857143
188,297.3333333333333
189,298.2857142857143
190,299.5238095238095
191,300.6666666666667
192,301.42857142857144
193,302.95238095238096
194,304
195,305.3333333333333
196,306.57142857142856
197,307.7142857142857
198,308.95238095238096
199,310.2857142857143
200,311.42857142857144
201,312.76190476190476
202,313.9047619047619
203,314.95238095238096
204,315.9047619047619
205,317.23809523809524
206,318.6666666666667
207,319.5238095238095
208,320.57142857142856
209,321.8095238095238
210,323.04761904761904
211,324.2857142857143
212,325.5238095238095
213,326.4761904761905
214,327.3333333333333
215,328.1904761904762
216,329.42857142857144
217,330.85714285714283
218,331.6190476190476
219,333.14285714285717
220,334
221,334.85714285714283
222,336.0952380952381
223,337.42857142857144
224,338.2857142857143
225,339.5238095238095
226,340.85714285714283
227,342
228,342.95238095238096
229,344
230,344.76190476190476
231,346.1904761904762
232,347.6190476190476
233,348.57142857142856
234,349.7142857142857
235,350.95238095238096
236,352
237,353.04761904761904
238,353.8095238095238
239,355.14285714285717
240,356.57142857142856
241,357.42857142857144
242,358.2857142857143
243,359.5238095238095
244,360.85714285714283
245,361.9047619047619
246,362.76190476190476
247,363.7142857142857
248,364.76190476190476
249,365.6190476190476
250,366.57142857142856
251,367.7142857142857
252,368.85714285714283
253,369.8095238095238
254,370.2857142857143
255,371.5238095238095
256,372.3809523809524
257,372.95238095238096
258,374.1904761904762
259,374.95238095238096
260,376.2857142857143
261,377.23809523809524
262,378.76190476190476
263,379.42857142857144
264,380.6666666666667
265,381.5238095238095
266,382.95238095238096
267,384
268,384.95238095238096
269,386.0952380952381
270,386.95238095238096
271,387.9047619047619
272,388.95238095238096
273,389.8095238095238
274,390.6666666666667
275,391.8095238095238
276,393.04761904761904
277,394
278,395.14285714285717
279,395.7142857142857
280,396.76190476190476
281,397.5238095238095
282,398.76190476190476
283,399.6190476190476
284,400.4761904761905
285,401.14285714285717
286,402
287,403.23809523809524
288,404.0952380952381
289,405.23809523809524
290,406.1904761904762
291,407.14285714285717
292,407.8095238095238
293,408.4761904761905
294,409.23809523809524
295,409.8095238095238
296,410.6666666666667
297,412
298,413.14285714285717
299,414.3809523809524
300,415.04761904761904
301,415.6190476190476
302,416.4761904761905
303,417.5238095238095
304,418.2857142857143
305,419.42857142857144
306,420.2857142857143
307,421.3333333333333
308,422.4761904761905
309,423.5238095238095
310,424.4761904761905
311,425.5238095238095
312,426.6666666666667
313,427.8095238095238
314,428.95238095238096
315,429.7142857142857
316,430.85714285714283
317,432.1904761904762
318,432.95238095238096
319,434.0952380952381
320,434.85714285714283
321,435.3333333333333
322,436.4761904761905
323,437.3333333333333
324,438.4761904761905
325,439.14285714285717
326,440.1904761904762
327,441.23809523809524
328,442.2857142857143
329,442.95238095238096
330,443.6190476190476
331,444.57142857142856
332,445.5238095238095
333,446.3809523809524
334,447.14285714285717
335,447.8095238095238
336,448.1904761904762
337,449.23809523809524
338,450.1904761904762
339,450.95238095238096
340,451.6190476190476
341,452
342,452.3809523809524
343,453.04761904761904
344,453.9047619047619
345,454.85714285714283
346,455.9047619047619
347,456.76190476190476
348,457.42857142857144
349,457.7142857142857
350,458.6666666666667
351,459.5238095238095
352,460.0952380952381
353,461.04761904761904
354,462
355,462.76190476190476
356,463.6190476190476
357,464.6666666666667
358,465.23809523809524
359,466
360,466.76190476190476
361,467.42857142857144
362,468.1904761904762
363,468.6666666666667
364,469.7142857142857
365,470.2857142857143
366,471.14285714285717
367,471.8095238095238
368,472.6666666666667
369,473.04761904761904
370,473.8095238095238
371,474.2857142857143
372,475.14285714285717
373,475.8095238095238
374,476.2857142857143
375,477.04761904761904
376,477.6190476190476
377,478.3809523809524
378,479.14285714285717
379,479.8095238095238
380,480.6666666666667
381,481.3333333333333
382,482.0952380952381
383,482.85714285714283
384,483.5238095238095
385,484.1904761904762
386,484.85714285714283
387,485.8095238095238
388,486.85714285714283
389,487.8095238095238
390,488.76190476190476
391,489.3333333333333
392,490.3809523809524
393,491.23809523809524
394,491.8095238095238
395,492.6666666666667
396,493.3333333333333
397,494.3809523809524
398,495.14285714285717
399,495.9047619047619
400,496.3809523809524
401,497.14285714285717
402,498
403,498.57142857142856
404,499.42857142857144
405,500.4761904761905
406,501.23809523809524
407,501.7142857142857
408,502.4761904761905
409,503.42857142857144
410,504.1904761904762
411,504.76190476190476
412,505.8095238095238
413,506.2857142857143
414,507.42857142857144
415,508.1904761904762
416,508.57142857142856
417,509.42857142857144
418,509.9047619047619
419,511.04761904761904
420,511.6190476190476
421,512.1904761904761
422,512.5714285714286
423,513.2380952380952
424,514.1904761904761
425,514.7619047619048
426,515.8095238095239
427,516.5714285714286
428,517.2380952380952
429,517.9047619047619
430,518.952380952381
431,519.4285714285714
432,519.9047619047619
433,520.7619047619048
434,521.3333333333334
435,521.9047619047619
436,522.7619047619048
437,523.6190476190476
438,524.3809523809524
439,524.6666666666666
440,525.4285714285714
441,526.0952380952381
442,526.8571428571429
443,527.6190476190476
444,528.2857142857143
445,529.047619047619
446,529.8095238095239
447,530.7619047619048
448,531.4285714285714
449,532.2857142857143
450,532.7619047619048
451,533.8095238095239
452,534.5714285714286
453,534.952380952381
454,535.4285714285714
455,535.9047619047619
456,536.8571428571429
457,537.3333333333334
458,538.1904761904761
459,538.6666666666666
460,539.2380952380952
461,539.9047619047619
462,540.3809523809524
463,540.952380952381
464,541.4285714285714
465,542
466,542.8571428571429
467,543.047619047619
468,543.4285714285714
469,543.8095238095239
470,544.4761904761905
471,545.3333333333334
472,545.9047619047619
473,546.3809523809524
474,547.2380952380952
475,547.6190476190476
476,548.2857142857143
477,549.047619047619
478,549.3333333333334
479,550.0952380952381
480,550.952380952381
481,551.4285714285714
482,552.2857142857143
483,552.3809523809524
484,553.5238095238095
485,554
486,554.6666666666666
487,555.047619047619
488,555.8095238095239
489,556.3809523809524
490,557.1428571428571
491,557.6190476190476
492,558.2857142857143
493,558.7619047619048
494,559.4285714285714
495,560.1904761904761
496,560.8571428571429
497,561.3333333333334
498,562
499,562.3809523809524
500,562.952380952381
501,563.6190476190476
502,564.3809523809524
503,564.952380952381
504,565.5238095238095
505,566.1904761904761
506,566.8571428571429
507,567.7142857142857
508,568.0952380952381
509,568.7619047619048
510,569.1428571428571
511,569.8095238095239
512,570.4761904761905
513,571.2380952380952
514,571.8095238095239
515,572.1904761904761
516,572.7619047619048
517,573.3333333333334
518,573.9047619047619
519,574.4761904761905
520,575.1428571428571
521,575.7142857142857
522,576.5714285714286
523,577.1428571428571
524,577.7142857142857
525,578.5714285714286
526,579.3333333333334
527,579.9047619047619
528,580.7619047619048
529,581.3333333333334
530,581.9047619047619
531,582.1904761904761
532,582.952380952381
533,583.3333333333334
534,584
535,584.3809523809524
536,584.8571428571429
537,585.5238095238095
538,586.1904761904761
539,586.5714285714286
540,587.2380952380952
541,587.9047619047619
542,588.1904761904761
543,588.952380952381
544,589.2380952380952
545,589.8095238095239
546,590.4761904761905
547,590.8571428571429
548,591.5238095238095
549,591.8095238095239
550,592.2857142857143
551,592.6666666666666
552,592.952380952381
553,593.4285714285714
554,594.1904761904761
555,594.8571428571429
556,595.2380952380952
557,595.6190476190476
558,596
559,596.3809523809524
560,596.6666666666666
561,597.1428571428571
562,597.7142857142857
563,598.1904761904761
564,598.8571428571429
565,599.3333333333334
566,600.3809523809524
567,601.047619047619
568,601.4285714285714
569,601.8095238095239
570,602.0952380952381
571,602.6666666666666
572,602.8571428571429
573,603.3333333333334
574,604.2857142857143
575,604.8571428571429
576,605.1428571428571
577,605.4285714285714
578,605.8095238095239
579,606.3809523809524
580,606.8571428571429
581,607.5238095238095
582,607.9047619047619
583,608.0952380952381
584,608.7619047619048
585,609.5238095238095
586,610.0952380952381
587,610.5714285714286
588,610.8571428571429
589,611.3333333333334
590,612
591,612.4761904761905
592,612.7619047619048
593,613.047619047619
594,613.6190476190476
595,614.0952380952381
596,614.1904761904761
597,614.952380952381
598,615.3333333333334
599,615.6190476190476
600,615.9047619047619
601,616
602,616.7619047619048
603,616.952380952381
604,617.4285714285714
605,617.8095238095239
606,618.3809523809524
607,619.047619047619
608,619.6190476190476
609,619.9047619047619
610,620.1904761904761
611,620.5714285714286
612,620.952380952381
613,621.2380952380952
614,621.7142857142857
615,622
616,622.2857142857143
617,622.8571428571429
618,623.2380952380952
619,623.8095238095239
620,624
621,624.4761904761905
622,624.8571428571429
623,625.2380952380952
624,625.8095238095239
625,626.2857142857143
626,626.952380952381
627,627.4285714285714
628,627.9047619047619
629,628.0952380952381
630,628.3809523809524
631,628.5714285714286
632,628.5714285714286
633,629.1428571428571
634,629.5238095238095
635,629.8095238095239
636,630.0952380952381
637,630.952380952381
638,631.1428571428571
639,631.7142857142857
640,631.8095238095239
641,632.2857142857143
642,632.6666666666666
643,633.1428571428571
644,633.4285714285714
645,633.6190476190476
646,633.9047619047619
647,634.4761904761905
648,634.8571428571429
649,635.047619047619
650,635.5238095238095
651,635.6190476190476
652,636.0952380952381
653,636.6666666666666
654,636.952380952381
655,636.952380952381
656,637.3333333333334
657,638
658,638.4761904761905
659,639.047619047619
660,639.4285714285714
661,639.7142857142857
662,640
663,640.8571428571429
664,641.1428571428571
665,641.5238095238095
666,642.0952380952381
667,642.6666666666666
668,643.047619047619
669,643.8095238095239
670,644.2857142857143
671,644.4761904761905
672,644.6666666666666
673,644.8571428571429
674,645.6190476190476
675,645.8095238095239
676,646.2857142857143
677,646.7619047619048
678,647.2380952380952
679,647.4285714285714
680,648
681,648.2857142857143
682,648.952380952381
683,649.5238095238095
684,650
685,650.1904761904761
686,650.2857142857143
687,650.952380952381
688,651.4285714285714
689,651.8095238095239
690,652.2857142857143
691,652.4761904761905
692,652.7619047619048
693,653.047619047619
694,653.6190476190476
695,654.3809523809524
696,655.047619047619
697,655.4285714285714
698,655.9047619047619
699,656.1904761904761
700,656.1904761904761
701,656.5714285714286
702,656.6666666666666
703,657.1428571428571
704,657.4285714285714
705,658
706,658.5714285714286
707,659.047619047619
708,659.5238095238095
709,659.8095238095239
710,660.2857142857143
711,660.6666666666666
712,661.2380952380952
713,661.5238095238095
714,661.8095238095239
715,662.5714285714286
716,662.952380952381
717,663.2380952380952
718,663.7142857142857
719,664.3809523809524
720,664.7619047619048
721,665.2380952380952
722,665.6190476190476
723,666.0952380952381
724,666.1904761904761
725,666.5714285714286
726,666.5714285714286
727,666.7619047619048
728,667.1428571428571
729,667.7142857142857
730,668.0952380952381
731,668.3809523809524
732,668.7619047619048
733,669.2380952380952
734,669.3333333333334
735,669.5238095238095
736,670.2857142857143
737,670.7619047619048
738,671.2380952380952
739,671.5238095238095
740,672.0952380952381
741,672.5714285714286
742,672.6666666666666
743,672.952380952381
744,673.4285714285714
745,673.7142857142857
746,674.0952380952381
747,674.5714285714286
748,674.952380952381
749,675.047619047619
750,675.4285714285714
751,675.9047619047619
752,676.2857142857143
753,676.4761904761905
754,676.6666666666666
755,676.952380952381
756,677.3333333333334
757,677.4285714285714
758,677.7142857142857
759,678.0952380952381
760,678.6666666666666
761,679.047619047619
762,679.3333333333334
763,680
764,680.4761904761905
765,680.8571428571429
766,681.2380952380952
767,681.7142857142857
768,682.2857142857143
769,682.6666666666666
770,682.952380952381
771,683.3333333333334
772,683.6190476190476
773,683.9047619047619
774,684.2857142857143
775,684.3809523809524
776,684.7619047619048
777,685.047619047619
778,685.4285714285714
779,685.7142857142857
780,685.9047619047619
781,686.2857142857143
782,686.7619047619048
783,686.8571428571429
784,686.8571428571429
785,687.4285714285714
786,687.8095238095239
787,688
788,688.3809523809524
789,688.4761904761905
790,689.047619047619
791,689.4285714285714
792,689.8095238095239
793,689.9047619047619
794,690.3809523809524
795,690.6666666666666
796,690.952380952381
797,691.3333333333334
798,691.8095238095239
799,692.0952380952381
800,692.2857142857143
801,692.3809523809524
802,693.4285714285714
803,693.7142857142857
804,694.0952380952381
805,694.4761904761905
806,694.7619047619048
807,694.7619047619048
808,695.1428571428571
809,695.6190476190476
810,695.8095238095239
811,696.1904761904761
812,696.5714285714286
813,696.7619047619048
814,697.1428571428571
815,697.3333333333334
816,697.5238095238095
817,697.7142857142857
818,697.9047619047619
819,698.1904761904761
820,698.952380952381
821,699.5238095238095
822,699.9047619047619
823,700.0952380952381
824,700.1904761904761
825,700.2857142857143
826,700.8571428571429
827,701.2380952380952
828,701.5238095238095
829,701.5238095238095
830,701.8095238095239
831,702.2857142857143
832,702.7619047619048
833,703.2380952380952
834,703.5238095238095
835,703.8095238095239
836,704.0952380952381
837,704.4761904761905
838,704.8571428571429
839,705.2380952380952
840,705.4285714285714
841,705.9047619047619
842,706
843,706.2857142857143
844,706.6666666666666
845,706.7619047619048
846,707.047619047619
847,707.3333333333334
848,707.5238095238095
849,707.8095238095239
850,708.2857142857143
851,708.2857142857143
852,708.6666666666666
853,708.8571428571429
854,709.2380952380952
855,709.5238095238095
856,709.9047619047619
857,710.2857142857143
858,710.3809523809524
859,710.7619047619048
860,710.8571428571429
861,711.2380952380952
862,711.4285714285714
863,711.9047619047619
864,711.9047619047619
865,712.1904761904761
866,712.4761904761905
867,712.6666666666666
868,713.047619047619
869,713.3333333333334
870,713.7142857142857
871,713.9047619047619
872,714.0952380952381
873,714.6666666666666
874,715.047619047619
875,715.5238095238095
876,715.9047619047619
877,716.3809523809524
878,716.4761904761905
879,716.7619047619048
880,716.8571428571429
881,717.2380952380952
882,717.3333333333334
883,717.9047619047619
884,718.2857142857143
885,718.6666666666666
886,718.7619047619048
887,719.1428571428571
888,719.5238095238095
889,719.5238095238095
890,719.9047619047619
891,720.1904761904761
892,720.2857142857143
893,720.3809523809524
894,720.5714285714286
895,720.952380952381
896,721.3333333333334
897,721.6190476190476
898,721.9047619047619
899,722.2857142857143
900,722.4761904761905
901,722.7619047619048
902,722.952380952381
903,723.1428571428571
904,723.8095238095239
905,723.9047619047619
906,724.3809523809524
907,724.7619047619048
908,724.8571428571429
909,725.1428571428571
910,725.2380952380952
911,725.4285714285714
912,725.7142857142857
913,726.1904761904761
914,726.2857142857143
915,726.2857142857143
916,726.6666666666666
917,726.7619047619048
918,726.952380952381
919,727.3333333333334
920,727.6190476190476
921,727.7142857142857
922,727.8095238095239
923,727.9047619047619
924,728.0952380952381
925,728.5714285714286
926,728.6666666666666
927,728.7619047619048
928,729.047619047619
929,729.5238095238095
930,729.7142857142857
931,730.0952380952381
932,730.3809523809524
933,730.8571428571429
934,731.047619047619
935,731.2380952380952
936,731.2380952380952
937,731.3333333333334
938,731.5238095238095
939,731.7142857142857
940,731.9047619047619
941,732
942,732.0952380952381
943,732.3809523809524
944,732.5714285714286
945,732.5714285714286
946,732.6666666666666
947,733.047619047619
948,733.2380952380952
949,733.4285714285714
950,733.8095238095239
951,734.2857142857143
952,734.4761904761905
953,734.7619047619048
954,735.047619047619
955,735.1428571428571
956,735.4285714285714
957,735.6190476190476
958,735.8095238095239
959,736.0952380952381
960,736.3809523809524
961,736.7619047619048
962,736.8571428571429
963,737.2380952380952
964,737.2380952380952
965,737.3333333333334
966,737.4285714285714
967,737.5238095238095
968,737.8095238095239
969,738.0952380952381
970,738.6666666666666
971,739.047619047619
972,739.3333333333334
973,739.4285714285714
974,739.9047619047619
975,740.2857142857143
976,740.5714285714286
977,740.8571428571429
978,741.1428571428571
979,741.2380952380952
980,741.4285714285714
981,741.6190476190476
982,741.8095238095239
983,742
984,742.3809523809524
985,742.6666666666666
986,742.7619047619048
987,742.7619047619048
988,743.2380952380952
989,743.7142857142857
990,744.1904761904761
991,744.5714285714286
992,744.6666666666666
993,744.952380952381
994,745.3333333333334
995,745.7142857142857
996,746.0952380952381
997,746.0952380952381
998,746.4761904761905
999,746.5714285714286
1000,746.952380952381
1001,747.1428571428571
1002,747.2380952380952
1003,747.3333333333334
1004,747.4285714285714
1005,747.8095238095239
1006,748.0952380952381
1007,748.0952380952381
1008,748.3809523809524
1009,748.6666666666666
1010,748.8571428571429
1011,748.952380952381
1012,749.3333333333334
1013,749.5238095238095
1014,749.8095238095239
1015,749.8095238095239
1016,750.0952380952381
1017,750.1904761904761
1018,750.4761904761905
1019,750.4761904761905
1020,750.7619047619048
1021,750.952380952381
1022,751.3333333333334
1023,751.3333333333334
1024,751.6190476190476
1025,751.7142857142857
1026,751.9047619047619
1027,752
1028,752.2857142857143
1029,752.3809523809524
1030,752.6666666666666
1031,752.8571428571429
1032,753.047619047619
1033,753.2380952380952
1034,753.4285714285714
1035,753.7142857142857
1036,753.9047619047619
1037,754.0952380952381
1038,754.4761904761905
1039,754.6666666666666
1040,754.952380952381
1041,754.952380952381
1042,754.952380952381
1043,755.3333333333334
1044,755.5238095238095
1045,755.6190476190476
1046,756.1904761904761
1047,756.4761904761905
1048,756.7619047619048
1049,756.8571428571429
1050,756.952380952381
1051,757.2380952380952
1052,757.3333333333334
1053,757.3333333333334
1054,757.4285714285714
1055,757.9047619047619
1056,758.0952380952381
1057,758.1904761904761
1058,758.2857142857143
1059,758.3809523809524
1060,758.5714285714286
1061,758.7619047619048
1062,759.047619047619
1063,759.2380952380952
1064,759.5238095238095
1065,760
1066,760.0952380952381
1067,760.2857142857143
1068,760.7619047619048
1069,760.952380952381
1070,760.952380952381
1071,761.2380952380952
1072,761.6190476190476
1073,761.6190476190476
1074,761.7142857142857
1075,762
1076,762
1077,762.2857142857143
1078,762.4761904761905
1079,762.4761904761905
1080,762.5714285714286
1081,762.7619047619048
1082,762.8571428571429
1083,763.047619047619
1084,763.1428571428571
1085,763.5238095238095
1086,763.6190476190476
1087,763.9047619047619
1088,764.0952380952381
1089,764.1904761904761
1090,764.3809523809524
1091,764.5714285714286
1092,764.5714285714286
1093,764.5714285714286
1094,764.8571428571429
1095,765.047619047619
1096,765.2380952380952
1097,765.4285714285714
1098,765.5238095238095
1099,765.8095238095239
1100,766
1101,766.0952380952381
1102,766.1904761904761
1103,766.2857142857143
1104,766.2857142857143
1105,766.2857142857143
1106,766.4761904761905
1107,766.6666666666666
1108,766.6666666666666
1109,766.6666666666666
1110,766.952380952381
1111,767.1428571428571
1112,767.1428571428571
1113,767.3333333333334
1114,767.6190476190476
1115,767.8095238095239
1116,767.9047619047619
1117,768.1904761904761
1118,768.2857142857143
1119,768.3809523809524
1120,768.5714285714286
1121,769.047619047619
1122,769.3333333333334
1123,769.4285714285714
1124,769.6190476190476
1125,769.9047619047619
1126,770.0952380952381
1127,770.3809523809524
1128,770.952380952381
1129,771.1428571428571
1130,771.1428571428571
1131,771.3333333333334
1132,771.6190476190476
1133,772.0952380952381
1134,772.1904761904761
1135,772.3809523809524
1136,772.5714285714286
1137,772.6666666666666
1138,773.047619047619
1139,773.2380952380952
1140,773.3333333333334
1141,773.5238095238095
1142,773.6190476190476
1143,773.7142857142857
1144,773.9047619047619
1145,774.1904761904761
1146,774.4761904761905
1147,774.5714285714286
1148,774.8571428571429
1149,774.8571428571429
1150,774.8571428571429
1151,775.3333333333334
1152,775.4285714285714
1153,775.8095238095239
1154,776.0952380952381
1155,776.4761904761905
1156,776.6666666666666
1157,776.8571428571429
1158,777.1428571428571
1159,777.3333333333334
1160,777.6190476190476
1161,777.8095238095239
1162,778
1163,778.0952380952381
1164,778.2857142857143
1165,778.5714285714286
1166,778.6666666666666
1167,778.6666666666666
1168,778.952380952381
1169,779.1428571428571
1170,779.2380952380952
1171,779.3333333333334
1172,779.5238095238095
1173,779.6190476190476
1174,779.8095238095239
1175,779.9047619047619
1176,780.0952380952381
1177,780.2857142857143
1178,780.3809523809524
1179,780.6666666666666
1180,780.7619047619048
1181,781.047619047619
1182,781.1428571428571
1183,781.3333333333334
1184,781.7142857142857
1185,781.8095238095239
1186,781.8095238095239
1187,781.9047619047619
1188,782.4761904761905
1189,782.5714285714286
1190,782.6666666666666
1191,783.047619047619
1192,783.1428571428571
1193,783.3333333333334
1194,783.4285714285714
1195,783.5238095238095
1196,783.7142857142857
1197,784
1198,784.1904761904761
1199,784.2857142857143
1200,784.5714285714286
1201,784.6666666666666
1202,784.7619047619048
1203,784.7619047619048
1204,784.952380952381
1205,785.1428571428571
1206,785.5238095238095
1207,785.6190476190476
1208,785.9047619047619
1209,786.0952380952381
1210,786.0952380952381
1211,786.1904761904761
1212,786.2857142857143
1213,786.3809523809524
1214,786.5714285714286
1215,786.6666666666666
1216,786.6666666666666
1217,786.7619047619048
1218,786.8571428571429
1219,787.047619047619
1220,787.1428571428571
1221,787.3333333333334
1222,787.7142857142857
1223,787.7142857142857
1224,787.7142857142857
1225,787.7142857142857
1226,787.8095238095239
1227,787.8095238095239
1228,788
1229,788
1230,788.0952380952381
1231,788.1904761904761
1232,788.3809523809524
1233,788.3809523809524
1234,788.6666666666666
1235,788.7619047619048
1236,788.8571428571429
1237,789.1428571428571
1238,789.3333333333334
1239,789.3333333333334
1240,789.4285714285714
1241,789.6190476190476
1242,789.6190476190476
1243,789.6190476190476
1244,789.7142857142857
1245,789.8095238095239
1246,789.9047619047619
1247,790.0952380952381
1248,790.2857142857143
1249,790.3809523809524
1250,790.6666666666666
1251,790.6666666666666
1252,790.7619047619048
1253,790.7619047619048
1254,790.952380952381
1255,791.047619047619
1256,791.2380952380952
1257,791.2380952380952
1258,791.2380952380952
1259,791.2380952380952
1260,791.3333333333334
1261,791.6190476190476
1262,792
1263,792.0952380952381
1264,792.1904761904761
1265,792.3809523809524
1266,792.4761904761905
1267,792.5714285714286
1268,792.7619047619048
1269,792.952380952381
1270,793.1428571428571
1271,793.1428571428571
1272,793.1428571428571
1273,793.1428571428571
1274,793.2380952380952
1275,793.2380952380952
1276,793.7142857142857
1277,793.8095238095239
1278,794
1279,794.0952380952381
1280,794.2857142857143
1281,794.3809523809524
1282,794.5714285714286
1283,794.5714285714286
1284,794.7619047619048
1285,794.8571428571429
1286,794.952380952381
1287,794.952380952381
1288,795.2380952380952
1289,795.3333333333334
1290,795.7142857142857
1291,796
1292,796.1904761904761
1293,796.2857142857143
1294,796.3809523809524
1295,796.3809523809524
1296,796.6666666666666
1297,796.7619047619048
1298,796.7619047619048
1299,796.8571428571429
1300,797.1428571428571
1301,797.2380952380952
1302,797.4285714285714
1303,797.6190476190476
1304,797.6190476190476
1305,797.7142857142857
1306,797.8095238095239
1307,797.9047619047619
1308,798.1904761904761
1309,798.6666666666666
1310,798.7619047619048
1311,798.8571428571429
1312,798.952380952381
1313,799.047619047619
1314,799.047619047619
1315,799.2380952380952
1316,799.6190476190476
1317,799.7142857142857
1318,799.7142857142857
1319,799.7142857142857
1320,799.7142857142857
1321,799.8095238095239
1322,800
1323,800.0952380952381
1324,800.0952380952381
1325,800.3809523809524
1326,800.7619047619048
1327,800.8571428571429
1328,800.8571428571429
1329,801.1428571428571
1330,801.3333333333334
1331,801.5238095238095
1332,801.6190476190476
1333,801.8095238095239
1334,801.9047619047619
1335,801.9047619047619
1336,801.9047619047619
1337,802
1338,802.3809523809524
1339,802.5714285714286
1340,802.7619047619048
1341,802.8571428571429
1342,802.8571428571429
1343,802.8571428571429
1344,803.2380952380952
1345,803.5238095238095
1346,803.8095238095239
1347,803.8095238095239
1348,803.9047619047619
1349,803.9047619047619
1350,803.9047619047619
1351,804
1352,804.0952380952381
1353,804.3809523809524
1354,804.3809523809524
1355,804.4761904761905
1356,804.5714285714286
1357,804.7619047619048
1358,804.7619047619048
1359,804.8571428571429
1360,804.952380952381
1361,805.047619047619
1362,805.4285714285714
1363,805.5238095238095
1364,805.5238095238095
1365,805.6190476190476
1366,805.9047619047619
1367,806
1368,806.1904761904761
1369,806.2857142857143
1370,806.4761904761905
1371,806.5714285714286
1372,806.7619047619048
1373,806.952380952381
1374,807.1428571428571
1375,807.2380952380952
1376,807.4285714285714
1377,807.6190476190476
1378,807.7142857142857
1379,807.8095238095239
1380,807.9047619047619
1381,808.3809523809524
1382,808.5714285714286
1383,808.6666666666666
1384,808.7619047619048
1385,808.8571428571429
1386,809.047619047619
1387,809.2380952380952
1388,809.2380952380952
1389,809.3333333333334
1390,809.4285714285714
1391,809.6190476190476
1392,809.8095238095239
1393,809.9047619047619
1394,810.0952380952381
1395,810.2857142857143
1396,810.3809523809524
1397,810.5714285714286
1398,810.7619047619048
1399,810.7619047619048
1400,810.7619047619048
1401,810.8571428571429
1402,811.1428571428571
1403,811.3333333333334
1404,811.3333333333334
1405,811.4285714285714
1406,811.6190476190476
1407,811.6190476190476
1408,811.6190476190476
1409,811.6190476190476
1410,811.6190476190476
1411,811.7142857142857
1412,811.8095238095239
1413,812
1414,812.0952380952381
1415,812.1904761904761
1416,812.1904761904761
1417,812.1904761904761
1418,812.3809523809524
1419,812.5714285714286
1420,812.5714285714286
1421,812.6666666666666
1422,812.6666666666666
1423,812.8571428571429
1424,812.952380952381
1425,813.3333333333334
1426,813.4285714285714
1427,813.4285714285714
1428,813.5238095238095
1429,813.7142857142857
1430,813.9047619047619
1431,813.9047619047619
1432,814
1433,814.0952380952381
1434,814.1904761904761
1435,814.1904761904761
1436,814.1904761904761
1437,814.4761904761905
1438,814.4761904761905
1439,814.4761904761905
1440,814.5714285714286
1441,814.6666666666666
1442,814.952380952381
1443,815.1428571428571
1444,815.1428571428571
1445,815.2380952380952
1446,815.5238095238095
1447,815.6190476190476
1448,815.7142857142857
1449,815.8095238095239
1450,816
1451,816.1904761904761
1452,816.2857142857143
1453,816.4761904761905
1454,816.5714285714286
1455,816.5714285714286
1456,816.5714285714286
1457,816.5714285714286
1458,816.8571428571429
1459,816.8571428571429
1460,816.952380952381
1461,816.952380952381
1462,817.047619047619
1463,817.3333333333334
1464,817.4285714285714
1465,817.7142857142857
1466,817.9047619047619
1467,818
1468,818
1469,818.1904761904761
1470,818.4761904761905
1471,818.4761904761905
1472,818.5714285714286
1473,818.8571428571429
1474,818.952380952381
1475,819.1428571428571
1476,819.2380952380952
1477,819.4285714285714
1478,819.7142857142857
1479,819.8095238095239
1480,819.9047619047619
1481,819.9047619047619
1482,819.9047619047619
1483,820.1904761904761
1484,820.1904761904761
1485,820.1904761904761
1486,820.3809523809524
1487,820.7619047619048
1488,820.7619047619048
1489,821.1428571428571
1490,821.2380952380952
1491,821.3333333333334
1492,821.3333333333334
1493,821.4285714285714
1494,821.4285714285714
1495,821.7142857142857
1496,821.7142857142857
1497,821.9047619047619
1498,821.9047619047619
1499,821.9047619047619
1500,822
1501,822
1502,822
1503,822
1504,822.1904761904761
1505,822.2857142857143
1506,822.4761904761905
1507,822.4761904761905
1508,822.5714285714286
1509,822.8571428571429
1510,822.952380952381
1511,823.3333333333334
1512,823.3333333333334
1513,823.4285714285714
1514,823.5238095238095
1515,823.5238095238095
1516,823.6190476190476
1517,823.6190476190476
1518,823.8095238095239
1519,823.9047619047619
1520,824.0952380952381
1521,824.1904761904761
1522,824.2857142857143
1523,824.4761904761905
1524,824.4761904761905
1525,824.4761904761905
1526,824.6666666666666
1527,824.7619047619048
1528,824.7619047619048
1529,824.7619047619048
1530,824.952380952381
1531,824.952380952381
1532,824.952380952381
1533,825.2380952380952
1534,825.2380952380952
1535,825.5238095238095
1536,825.6190476190476
1537,825.7142857142857
1538,825.8095238095239
1539,825.9047619047619
1540,826
1541,826
1542,826.2857142857143
1543,826.2857142857143
1544,826.5714285714286
1545,826.6666666666666
1546,826.6666666666666
1547,826.8571428571429
1548,826.952380952381
1549,827.047619047619
1550,827.047619047619
1551,827.2380952380952
1552,827.4285714285714
1553,827.5238095238095
1554,827.5238095238095
1555,827.7142857142857
1556,827.8095238095239
1557,827.9047619047619
1558,827.9047619047619
1559,828
1560,828
1561,828.1904761904761
1562,828.3809523809524
1563,828.3809523809524
1564,828.4761904761905
1565,828.5714285714286
1566,828.8571428571429
1567,829.047619047619
1568,829.047619047619
1569,829.047619047619
1570,829.1428571428571
1571,829.1428571428571
1572,829.1428571428571
1573,829.2380952380952
1574,829.4285714285714
1575,829.5238095238095
1576,829.5238095238095
1577,829.8095238095239
1578,829.9047619047619
1579,830
1580,830.0952380952381
1581,830.0952380952381
1582,830.1904761904761
1583,830.2857142857143
1584,830.4761904761905
1585,830.5714285714286
1586,830.5714285714286
1587,830.5714285714286
1588,830.6666666666666
1589,830.7619047619048
1590,831.1428571428571
1591,831.2380952380952
1592,831.3333333333334
1593,831.4285714285714
1594,831.6190476190476
1595,831.6190476190476
1596,831.6190476190476
1597,831.7142857142857
1598,831.8095238095239
1599,831.9047619047619
1600,831.9047619047619
1601,832.0952380952381
1602,832.2857142857143
1603,832.3809523809524
1604,832.5714285714286
1605,832.7619047619048
1606,832.8571428571429
1607,832.952380952381
1608,833.1428571428571
1609,833.2380952380952
1610,833.3333333333334
1611,833.4285714285714
1612,833.4285714285714
1613,833.4285714285714
1614,833.6190476190476
1615,833.7142857142857
1616,833.7142857142857
1617,833.7142857142857
1618,834
1619,834
1620,834.0952380952381
1621,834.0952380952381
1622,834.0952380952381
1623,834.2857142857143
1624,834.3809523809524
1625,834.5714285714286
1626,834.7619047619048
1627,834.7619047619048
1628,834.8571428571429
1629,834.952380952381
1630,835.047619047619
1631,835.1428571428571
1632,835.3333333333334
1633,835.7142857142857
1634,835.8095238095239
1635,835.9047619047619
1636,835.9047619047619
1637,836
1638,836.1904761904761
1639,836.1904761904761
1640,836.3809523809524
1641,836.4761904761905
1642,836.5714285714286
1643,836.5714285714286
1644,836.5714285714286
1645,836.6666666666666
1646,836.8571428571429
1647,837.047619047619
1648,837.1428571428571
1649,837.3333333333334
1650,837.3333333333334
1651,837.5238095238095
1652,837.6190476190476
1653,837.7142857142857
1654,837.7142857142857
1655,837.9047619047619
1656,838
1657,838
1658,838
1659,838.0952380952381
1660,838.0952380952381
1661,838.0952380952381
1662,838.1904761904761
1663,838.2857142857143
1664,838.3809523809524
1665,838.4761904761905
1666,838.5714285714286
1667,838.6666666666666
1668,838.6666666666666
1669,838.8571428571429
1670,838.952380952381
1671,839.047619047619
1672,839.047619047619
1673,839.2380952380952
1674,839.3333333333334
1675,839.3333333333334
1676,839.3333333333334
1677,839.5238095238095
1678,839.7142857142857
1679,839.8095238095239
1680,839.8095238095239
1681,839.8095238095239
1682,839.9047619047619
1683,839.9047619047619
1684,840
1685,840.1904761904761
1686,840.2857142857143
1687,840.4761904761905
1688,840.6666666666666
1689,840.952380952381
1690,841.047619047619
1691,841.1428571428571
1692,841.3333333333334
1693,841.5238095238095
1694,841.5238095238095
1695,841.7142857142857
1696,841.8095238095239
1697,842
1698,842.0952380952381
1699,842.0952380952381
1700,842.1904761904761
1701,842.2857142857143
1702,842.2857142857143
1703,842.5714285714286
1704,842.6666666666666
1705,842.7619047619048
1706,842.7619047619048
1707,842.7619047619048
1708,842.8571428571429
1709,842.952380952381
1710,842.952380952381
1711,843.1428571428571
1712,843.2380952380952
1713,843.3333333333334
1714,843.3333333333334
1715,843.5238095238095
1716,843.5238095238095
1717,843.6190476190476
1718,843.6190476190476
1719,843.6190476190476
1720,843.6190476190476
1721,843.6190476190476
1722,843.8095238095239
1723,844
1724,844.3809523809524
1725,844.3809523809524
1726,844.3809523809524
1727,844.4761904761905
1728,844.5714285714286
1729,844.7619047619048
1730,844.8571428571429
1731,844.952380952381
1732,845.2380952380952
1733,845.2380952380952
1734,845.3333333333334
1735,845.5238095238095
1736,845.5238095238095
1737,845.8095238095239
1738,846
1739,846
1740,846
1741,846
1742,846
1743,846
1744,846
1745,846
1746,846
1747,846.0952380952381
1748,846.0952380952381
1749,846.3809523809524
1750,846.4761904761905
1751,846.4761904761905
1752,846.7619047619048
1753,846.8571428571429
1754,846.952380952381
1755,847.2380952380952
1756,847.2380952380952
1757,847.5238095238095
1758,847.5238095238095
1759,847.6190476190476
1760,847.7142857142857
1761,847.9047619047619
1762,848
1763,848.0952380952381
1764,848.2857142857143
1765,848.4761904761905
1766,848.4761904761905
1767,848.4761904761905
1768,848.5714285714286
1769,848.5714285714286
1770,848.6666666666666
1771,848.7619047619048
1772,848.7619047619048
1773,848.7619047619048
1774,848.952380952381
1775,849.047619047619
1776,849.047619047619
1777,849.047619047619
1778,849.047619047619
1779,849.2380952380952
1780,849.3333333333334
1781,849.3333333333334
1782,849.3333333333334
1783,849.4285714285714
1784,849.4285714285714
1785,849.7142857142857
1786,849.7142857142857
1787,849.7142857142857
1788,849.8095238095239
1789,849.9047619047619
1790,849.9047619047619
1791,850
1792,850.0952380952381
1793,850.2857142857143
1794,850.2857142857143
1795,850.4761904761905
1796,850.4761904761905
1797,850.4761904761905
1798,850.6666666666666
1799,850.7619047619048
1800,850.7619047619048
1801,850.7619047619048
1802,850.7619047619048
1803,850.8571428571429
1804,850.8571428571429
1805,850.8571428571429
1806,851.047619047619
1807,851.047619047619
1808,851.2380952380952
1809,851.2380952380952
1810,851.3333333333334
1811,851.3333333333334
1812,851.5238095238095
1813,851.5238095238095
1814,851.7142857142857
1815,851.7142857142857
1816,851.9047619047619
1817,852.0952380952381
1818,852.0952380952381
1819,852.0952380952381
1820,852.0952380952381
1821,852.2857142857143
1822,852.2857142857143
1823,852.2857142857143
1824,852.3809523809524
1825,852.3809523809524
1826,852.6666666666666
1827,852.6666666666666
1828,852.6666666666666
1829,852.6666666666666
1830,852.6666666666666
1831,852.6666666666666
1832,852.952380952381
1833,853.1428571428571
1834,853.2380952380952
1835,853.2380952380952
1836,853.2380952380952
1837,853.3333333333334
1838,853.4285714285714
1839,853.5238095238095
1840,853.8095238095239
1841,853.9047619047619
1842,853.9047619047619
1843,854
1844,854.0952380952381
1845,854.2857142857143
1846,854.2857142857143
1847,854.3809523809524
1848,854.3809523809524
1849,854.4761904761905
1850,854.5714285714286
1851,854.6666666666666
1852,854.6666666666666
1853,854.7619047619048
1854,854.8571428571429
1855,855.047619047619
1856,855.047619047619
1857,855.1428571428571
1858,855.1428571428571
1859,855.4285714285714
1860,855.4285714285714
1861,855.4285714285714
1862,855.7142857142857
1863,855.7142857142857
1864,855.7142857142857
1865,855.8095238095239
1866,855.9047619047619
1867,856.0952380952381
1868,856.0952380952381
1869,856.2857142857143
1870,856.2857142857143
1871,856.2857142857143
1872,856.4761904761905
1873,856.5714285714286
1874,856.6666666666666
1875,856.6666666666666
1876,856.7619047619048
1877,857.047619047619
1878,857.2380952380952
1879,857.2380952380952
1880,857.2380952380952
1881,857.3333333333334
1882,857.4285714285714
1883,857.5238095238095
1884,857.5238095238095
1885,857.6190476190476
1886,857.6190476190476
1887,857.6190476190476
1888,857.8095238095239
1889,857.8095238095239
1890,857.9047619047619
1891,858
1892,858.0952380952381
1893,858.0952380952381
1894,858.0952380952381
1895,858.1904761904761
1896,858.1904761904761
1897,858.1904761904761
1898,858.3809523809524
1899,858.3809523809524
1900,858.4761904761905
1901,858.4761904761905
1902,858.4761904761905
1903,858.4761904761905
1904,858.5714285714286
1905,858.5714285714286
1906,858.6666666666666
1907,858.6666666666666
1908,858.7619047619048
1909,858.952380952381
1910,859.047619047619
1911,859.047619047619
1912,859.047619047619
1913,859.1428571428571
1914,859.3333333333334
1915,859.3333333333334
1916,859.4285714285714
1917,859.4285714285714
1918,859.5238095238095
1919,859.5238095238095
1920,859.6190476190476
1921,859.7142857142857
1922,859.7142857142857
1923,859.7142857142857
1924,859.9047619047619
1925,860.0952380952381
1926,860.1904761904761
1927,860.1904761904761
1928,860.2857142857143
1929,860.2857142857143
1930,860.2857142857143
1931,860.2857142857143
1932,860.4761904761905
1933,860.4761904761905
1934,860.4761904761905
1935,860.6666666666666
1936,860.8571428571429
1937,860.952380952381
1938,860.952380952381
1939,861.047619047619
1940,861.1428571428571
1941,861.1428571428571
1942,861.1428571428571
1943,861.1428571428571
1944,861.2380952380952
1945,861.3333333333334
1946,861.3333333333334
1947,861.4285714285714
1948,861.4285714285714
1949,861.4285714285714
1950,861.6190476190476
1951,861.6190476190476
1952,861.6190476190476
1953,861.6190476190476
1954,861.9047619047619
1955,862
1956,862.2857142857143
1957,862.4761904761905
1958,862.4761904761905
1959,862.4761904761905
1960,862.5714285714286
1961,862.5714285714286
1962,862.6666666666666
1963,862.6666666666666
1964,862.6666666666666
1965,862.6666666666666
1966,862.6666666666666
1967,862.8571428571429
1968,862.952380952381
1969,863.1428571428571
1970,863.2380952380952
1971,863.2380952380952
1972,863.3333333333334
1973,863.5238095238095
1974,863.8095238095239
1975,863.9047619047619
1976,864
1977,864.0952380952381
1978,864.1904761904761
1979,864.2857142857143
1980,864.2857142857143
1981,864.2857142857143
1982,864.3809523809524
1983,864.4761904761905
1984,864.5714285714286
1985,864.5714285714286
1986,864.6666666666666
1987,864.7619047619048
1988,864.952380952381
1989,865.047619047619
1990,865.047619047619
1991,865.1428571428571
1992,865.1428571428571
1993,865.3333333333334
1994,865.5238095238095
1995,865.5238095238095
1996,865.5238095238095
1997,865.5238095238095
1998,865.5238095238095
1999,865.5238095238095
2000,865.6190476190476
2001,865.7142857142857
2002,865.9047619047619
2003,866
2004,866
2005,866.0952380952381
2006,866.1904761904761
2007,866.4761904761905
2008,866.4761904761905
2009,866.4761904761905
2010,866.4761904761905
2011,866.5714285714286
2012,866.6666666666666
2013,866.6666666666666
2014,866.8571428571429
2015,866.8571428571429
2016,867.1428571428571
2017,867.2380952380952
2018,867.2380952380952
2019,867.2380952380952
2020,867.4285714285714
2021,867.5238095238095
2022,867.7142857142857
2023,867.8095238095239
2024,867.8095238095239
2025,868
2026,868.0952380952381
2027,868.2857142857143
2028,868.4761904761905
2029,868.5714285714286
2030,868.6666666666666
2031,868.6666666666666
2032,868.6666666666666
2033,868.8571428571429
2034,868.952380952381
2035,868.952380952381
2036,868.952380952381
2037,868.952380952381
2038,868.952380952381
2039,868.952380952381
2040,868.952380952381
2041,869.047619047619
2042,869.1428571428571
2043,869.1428571428571
2044,869.2380952380952
2045,869.3333333333334
2046,869.4285714285714
2047,869.4285714285714
2048,869.5238095238095
2049,869.5238095238095
2050,869.6190476190476
2051,869.6190476190476
2052,869.6190476190476
2053,869.7142857142857
2054,869.7142857142857
2055,869.7142857142857
2056,869.9047619047619
2057,869.9047619047619
2058,869.9047619047619
2059,870
2060,870.0952380952381
2061,870.1904761904761
2062,870.2857142857143
2063,870.3809523809524
2064,870.4761904761905
2065,870.5714285714286
2066,870.6666666666666
2067,870.6666666666666
2068,870.6666666666666
2069,870.8571428571429
2070,871.1428571428571
2071,871.1428571428571
2072,871.1428571428571
2073,871.3333333333334
2074,871.4285714285714
2075,871.5238095238095
2076,871.6190476190476
2077,871.7142857142857
2078,871.7142857142857
2079,871.8095238095239
2080,872
2081,872.1904761904761
2082,872.1904761904761
2083,872.3809523809524
2084,872.3809523809524
2085,872.3809523809524
2086,872.3809523809524
2087,872.3809523809524
2088,872.3809523809524
2089,872.3809523809524
2090,872.3809523809524
2091,872.4761904761905
2092,872.4761904761905
2093,872.5714285714286
2094,872.6666666666666
2095,872.7619047619048
2096,872.7619047619048
2097,872.7619047619048
2098,872.8571428571429
2099,873.047619047619
2100,873.1428571428571
2101,873.1428571428571
2102,873.1428571428571
2103,873.1428571428571
2104,873.2380952380952
2105,873.3333333333334
2106,873.4285714285714
2107,873.5238095238095
2108,873.6190476190476
2109,873.7142857142857
2110,873.8095238095239
2111,873.8095238095239
2112,873.8095238095239
2113,873.8095238095239
2114,873.8095238095239
2115,873.9047619047619
2116,873.9047619047619
2117,873.9047619047619
2118,873.9047619047619
2119,874.0952380952381
2120,874.1904761904761
2121,874.2857142857143
2122,874.2857142857143
2123,874.2857142857143
2124,874.3809523809524
2125,874.3809523809524
2126,874.4761904761905
2127,874.4761904761905
2128,874.5714285714286
2129,874.5714285714286
2130,874.7619047619048
2131,874.7619047619048
2132,874.7619047619048
2133,874.7619047619048
2134,874.7619047619048
2135,874.8571428571429
2136,874.8571428571429
2137,874.952380952381
2138,874.952380952381
2139,874.952380952381
2140,874.952380952381
2141,874.952380952381
2142,874.952380952381
2143,874.952380952381
2144,875.2380952380952
2145,875.2380952380952
2146,875.2380952380952
2147,875.2380952380952
2148,875.3333333333334
2149,875.4285714285714
2150,875.4285714285714
2151,875.4285714285714
2152,875.4285714285714
2153,875.4285714285714
2154,875.6190476190476
2155,875.8095238095239
2156,875.8095238095239
2157,875.8095238095239
2158,875.8095238095239
2159,875.9047619047619
2160,875.9047619047619
2161,875.9047619047619
2162,876
2163,876.0952380952381
2164,876.1904761904761
2165,876.1904761904761
2166,876.1904761904761
2167,876.1904761904761
2168,876.1904761904761
2169,876.2857142857143
2170,876.2857142857143
2171,876.2857142857143
2172,876.3809523809524
2173,876.3809523809524
2174,876.3809523809524
2175,876.3809523809524
2176,876.3809523809524
2177,876.4761904761905
2178,876.5714285714286
2179,876.5714285714286
2180,876.5714285714286
2181,876.5714285714286
2182,876.5714285714286
2183,876.6666666666666
2184,876.6666666666666
2185,876.6666666666666
2186,876.7619047619048
2187,876.7619047619048
2188,876.7619047619048
2189,876.8571428571429
2190,876.8571428571429
2191,876.8571428571429
2192,876.8571428571429
2193,876.952380952381
2194,876.952380952381
2195,877.047619047619
2196,877.1428571428571
2197,877.1428571428571
2198,877.2380952380952
2199,877.2380952380952
2200,877.2380952380952
2201,877.2380952380952
2202,877.2380952380952
2203,877.2380952380952
2204,877.3333333333334
2205,877.3333333333334
2206,877.3333333333334
2207,877.3333333333334
2208,877.4285714285714
2209,877.5238095238095
2210,877.9047619047619
2211,877.9047619047619
2212,877.9047619047619
2213,877.9047619047619
2214,878
2215,878
2216,878.0952380952381
2217,878.0952380952381
2218,878.1904761904761
2219,878.1904761904761
2220,878.1904761904761
2221,878.1904761904761
2222,878.1904761904761
2223,878.1904761904761
2224,878.1904761904761
2225,878.1904761904761
2226,878.1904761904761
2227,878.2857142857143
2228,878.2857142857143
2229,878.3809523809524
2230,878.3809523809524
2231,878.4761904761905
2232,878.4761904761905
2233,878.6666666666666
2234,878.7619047619048
2235,878.7619047619048
2236,878.8571428571429
2237,879.2380952380952
2238,879.2380952380952
2239,879.2380952380952
2240,879.3333333333334
2241,879.4285714285714
2242,879.5238095238095
2243,879.7142857142857
2244,879.7142857142857
2245,879.9047619047619
2246,879.9047619047619
2247,880.1904761904761
2248,880.3809523809524
2249,880.3809523809524
2250,880.6666666666666
2251,880.7619047619048
2252,880.7619047619048
2253,880.8571428571429
2254,880.8571428571429
2255,880.952380952381
2256,881.047619047619
2257,881.047619047619
2258,881.047619047619
2259,881.047619047619
2260,881.047619047619
2261,881.047619047619
2262,881.047619047619
2263,881.047619047619
2264,881.3333333333334
2265,881.3333333333334
2266,881.3333333333334
2267,881.4285714285714
2268,881.5238095238095
2269,881.5238095238095
2270,881.6190476190476
2271,881.6190476190476
2272,881.7142857142857
2273,881.8095238095239
2274,881.8095238095239
2275,882
2276,882
2277,882.0952380952381
2278,882.1904761904761
2279,882.1904761904761
2280,882.1904761904761
2281,882.4761904761905
2282,882.5714285714286
2283,882.5714285714286
2284,882.5714285714286
2285,882.6666666666666
2286,882.7619047619048
2287,882.7619047619048
2288,882.8571428571429
2289,882.952380952381
2290,882.952380952381
2291,882.952380952381
2292,882.952380952381
2293,882.952380952381
2294,883.047619047619
2295,883.047619047619
2296,883.1428571428571
2297,883.2380952380952
2298,883.3333333333334
2299,883.3333333333334
2300,883.5238095238095
2301,883.7142857142857
2302,883.9047619047619
2303,884.0952380952381
2304,884.1904761904761
2305,884.1904761904761
2306,884.3809523809524
2307,884.3809523809524
2308,884.3809523809524
2309,884.3809523809524
2310,884.4761904761905
2311,884.4761904761905
2312,884.4761904761905
2313,884.6666666666666
2314,884.6666666666666
2315,884.7619047619048
2316,884.7619047619048
2317,884.7619047619048
2318,884.7619047619048
2319,884.952380952381
2320,884.952380952381
2321,885.047619047619
2322,885.047619047619
2323,885.047619047619
2324,885.2380952380952
2325,885.3333333333334
2326,885.3333333333334
2327,885.4285714285714
2328,885.5238095238095
2329,885.6190476190476
2330,885.6190476190476
2331,885.7142857142857
2332,885.7142857142857
2333,885.8095238095239
2334,885.9047619047619
2335,885.9047619047619
2336,885.9047619047619
2337,885.9047619047619
2338,885.9047619047619
2339,885.9047619047619
2340,885.9047619047619
2341,886
2342,886
2343,886.0952380952381
2344,886.1904761904761
2345,886.1904761904761
2346,886.2857142857143
2347,886.2857142857143
2348,886.3809523809524
2349,886.3809523809524
2350,886.3809523809524
2351,886.4761904761905
2352,886.5714285714286
2353,886.5714285714286
2354,886.5714285714286
2355,886.5714285714286
2356,886.7619047619048
2357,886.952380952381
2358,887.047619047619
2359,887.047619047619
2360,887.2380952380952
2361,887.2380952380952
2362,887.2380952380952
2363,887.2380952380952
2364,887.2380952380952
2365,887.3333333333334
2366,887.3333333333334
2367,887.4285714285714
2368,887.5238095238095
2369,887.7142857142857
2370,887.8095238095239
2371,887.8095238095239
2372,887.8095238095239
2373,887.9047619047619
2374,888
2375,888.1904761904761
2376,888.1904761904761
2377,888.2857142857143
2378,888.3809523809524
2379,888.4761904761905
2380,888.6666666666666
2381,888.6666666666666
2382,888.7619047619048
2383,888.7619047619048
2384,888.7619047619048
2385,888.7619047619048
2386,888.7619047619048
2387,888.7619047619048
2388,888.7619047619048
2389,888.7619047619048
2390,888.7619047619048
2391,888.952380952381
2392,889.047619047619
2393,889.047619047619
2394,889.1428571428571
2395,889.1428571428571
2396,889.1428571428571
2397,889.1428571428571
2398,889.1428571428571
2399,889.1428571428571
2400,889.2380952380952
2401,889.2380952380952
2402,889.3333333333334
2403,889.3333333333334
2404,889.3333333333334
2405,889.3333333333334
2406,889.3333333333334
2407,889.3333333333334
2408,889.3333333333334
2409,889.4285714285714
2410,889.4285714285714
2411,889.6190476190476
2412,889.6190476190476
2413,889.7142857142857
2414,889.8095238095239
2415,889.8095238095239
2416,889.8095238095239
2417,889.9047619047619
2418,889.9047619047619
2419,890
2420,890
2421,890
2422,890
2423,890
2424,890.0952380952381
2425,890.0952380952381
2426,890.0952380952381
2427,890.0952380952381
2428,890.0952380952381
2429,890.0952380952381
2430,890.1904761904761
2431,890.1904761904761
2432,890.1904761904761
2433,890.1904761904761
2434,890.1904761904761
2435,890.1904761904761
2436,890.2857142857143
2437,890.3809523809524
2438,890.3809523809524
2439,890.5714285714286
2440,890.7619047619048
2441,890.7619047619048
2442,890.7619047619048
2443,890.7619047619048
2444,890.7619047619048
2445,890.7619047619048
2446,890.8571428571429
2447,890.8571428571429
2448,890.8571428571429
2449,890.8571428571429
2450,890.8571428571429
2451,890.8571428571429
2452,891.047619047619
2453,891.1428571428571
2454,891.1428571428571
2455,891.1428571428571
2456,891.2380952380952
2457,891.2380952380952
2458,891.2380952380952
2459,891.2380952380952
2460,891.2380952380952
2461,891.2380952380952
2462,891.2380952380952
2463,891.2380952380952
2464,891.2380952380952
2465,891.5238095238095
2466,891.5238095238095
2467,891.5238095238095
2468,891.6190476190476
2469,891.6190476190476
2470,891.6190476190476
2471,891.6190476190476
2472,891.6190476190476
2473,891.6190476190476
2474,891.7142857142857
2475,891.7142857142857
2476,891.8095238095239
2477,891.8095238095239
2478,891.8095238095239
2479,891.9047619047619
2480,891.9047619047619
2481,892
2482,892
2483,892.0952380952381
2484,892.0952380952381
2485,892.0952380952381
2486,892.1904761904761
2487,892.2857142857143
2488,892.3809523809524
2489,892.4761904761905
2490,892.4761904761905
2491,892.5714285714286
2492,892.5714285714286
2493,892.6666666666666
2494,892.7619047619048
2495,892.8571428571429
2496,892.8571428571429
2497,892.8571428571429
2498,892.8571428571429
2499,892.8571428571429
2500,892.8571428571429
2501,892.952380952381
2502,893.047619047619
2503,893.2380952380952
2504,893.5238095238095
2505,893.5238095238095
2506,893.7142857142857
2507,893.7142857142857
2508,893.7142857142857
2509,893.7142857142857
2510,893.7142857142857
2511,893.7142857142857
2512,893.7142857142857
2513,893.8095238095239
2514,894
2515,894
2516,894
2517,894.1904761904761
2518,894.2857142857143
2519,894.2857142857143
2520,894.2857142857143
2521,894.3809523809524
2522,894.3809523809524
2523,894.4761904761905
2524,894.5714285714286
2525,894.5714285714286
2526,894.5714285714286
2527,894.6666666666666
2528,894.6666666666666
2529,894.6666666666666
2530,894.7619047619048
2531,894.8571428571429
2532,894.8571428571429
2533,894.8571428571429
2534,894.952380952381
2535,894.952380952381
2536,895.047619047619
2537,895.047619047619
2538,895.047619047619
2539,895.047619047619
2540,895.1428571428571
2541,895.1428571428571
2542,895.1428571428571
2543,895.1428571428571
2544,895.2380952380952
2545,895.2380952380952
2546,895.2380952380952
2547,895.3333333333334
2548,895.4285714285714
2549,895.4285714285714
2550,895.4285714285714
2551,895.6190476190476
2552,895.7142857142857
2553,895.8095238095239
2554,895.9047619047619
2555,896
2556,896
2557,896.0952380952381
2558,896.0952380952381
2559,896.1904761904761
2560,896.2857142857143
2561,896.2857142857143
2562,896.3809523809524
2563,896.3809523809524
2564,896.3809523809524
2565,896.3809523809524
2566,896.3809523809524
2567,896.3809523809524
2568,896.3809523809524
2569,896.4761904761905
2570,896.4761904761905
2571,896.5714285714286
2572,896.6666666666666
2573,896.7619047619048
2574,896.8571428571429
2575,896.8571428571429
2576,896.8571428571429
2577,896.952380952381
2578,896.952380952381
2579,896.952380952381
2580,897.047619047619
2581,897.1428571428571
2582,897.1428571428571
2583,897.1428571428571
2584,897.1428571428571
2585,897.1428571428571
2586,897.1428571428571
2587,897.1428571428571
2588,897.1428571428571
2589,897.1428571428571
2590,897.3333333333334
2591,897.3333333333334
2592,897.3333333333334
2593,897.5238095238095
2594,897.7142857142857
2595,897.8095238095239
2596,897.8095238095239
2597,897.8095238095239
2598,897.8095238095239
2599,897.9047619047619
2600,897.9047619047619
2601,897.9047619047619
2602,897.9047619047619
2603,898
2604,898
2605,898.0952380952381
2606,898.1904761904761
2607,898.1904761904761
2608,898.1904761904761
2609,898.3809523809524
2610,898.3809523809524
2611,898.3809523809524
2612,898.3809523809524
2613,898.3809523809524
2614,898.4761904761905
2615,898.6666666666666
2616,898.6666666666666
2617,898.6666666666666
2618,898.7619047619048
2619,898.7619047619048
2620,898.7619047619048
2621,898.7619047619048
2622,898.8571428571429
2623,898.8571428571429
2624,898.952380952381
2625,898.952380952381
2626,898.952380952381
2627,899.047619047619
2628,899.047619047619
2629,899.1428571428571
2630,899.1428571428571
2631,899.2380952380952
2632,899.3333333333334
2633,899.3333333333334
2634,899.4285714285714
2635,899.5238095238095
2636,899.5238095238095
2637,899.5238095238095
2638,899.5238095238095
2639,899.5238095238095
2640,899.5238095238095
2641,899.6190476190476
2642,899.6190476190476
2643,899.6190476190476
2644,899.7142857142857
2645,899.8095238095239
2646,899.8095238095239
2647,900
2648,900
2649,900
2650,900
2651,900
2652,900
2653,900
2654,900
2655,900
2656,900
2657,900
2658,900.0952380952381
2659,900.0952380952381
2660,900.0952380952381
2661,900.0952380952381
2662,900.1904761904761
2663,900.2857142857143
2664,900.4761904761905
2665,900.5714285714286
2666,900.5714285714286
2667,900.5714285714286
2668,900.6666666666666
2669,900.6666666666666
2670,900.6666666666666
2671,900.7619047619048
2672,900.8571428571429
2673,900.952380952381
2674,901.1428571428571
2675,901.1428571428571
2676,901.1428571428571
2677,901.2380952380952
2678,901.3333333333334
2679,901.3333333333334
2680,901.4285714285714
2681,901.4285714285714
2682,901.4285714285714
2683,901.4285714285714
2684,901.4285714285714
2685,901.5238095238095
2686,901.5238095238095
2687,901.5238095238095
2688,901.6190476190476
2689,901.6190476190476
2690,901.7142857142857
2691,901.7142857142857
2692,901.8095238095239
2693,901.9047619047619
2694,901.9047619047619
2695,901.9047619047619
2696,902
2697,902
2698,902
2699,902.0952380952381
2700,902.1904761904761
2701,902.1904761904761
2702,902.1904761904761
2703,902.2857142857143
2704,902.3809523809524
2705,902.3809523809524
2706,902.3809523809524
2707,902.4761904761905
2708,902.4761904761905
2709,902.4761904761905
2710,902.4761904761905
2711,902.4761904761905
2712,902.4761904761905
2713,902.4761904761905
2714,902.5714285714286
2715,902.6666666666666
2716,902.6666666666666
2717,902.6666666666666
2718,902.6666666666666
2719,902.6666666666666
2720,902.6666666666666
2721,902.952380952381
2722,903.047619047619
2723,903.047619047619
2724,903.047619047619
2725,903.1428571428571
2726,903.1428571428571
2727,903.1428571428571
2728,903.1428571428571
2729,903.1428571428571
2730,903.1428571428571
2731,903.1428571428571
2732,903.1428571428571
2733,903.1428571428571
2734,903.1428571428571
2735,903.1428571428571
2736,903.1428571428571
2737,903.4285714285714
2738,903.5238095238095
2739,903.5238095238095
2740,903.5238095238095
2741,903.6190476190476
2742,903.6190476190476
2743,903.7142857142857
2744,903.7142857142857
2745,903.7142857142857
2746,903.7142857142857
2747,903.8095238095239
2748,903.9047619047619
2749,903.9047619047619
2750,903.9047619047619
2751,903.9047619047619
2752,904
2753,904
2754,904
2755,904.0952380952381
2756,904.0952380952381
2757,904.0952380952381
2758,904.0952380952381
2759,904.0952380952381
2760,904.0952380952381
2761,904.1904761904761
2762,904.1904761904761
2763,904.1904761904761
2764,904.2857142857143
2765,904.3809523809524
2766,904.3809523809524
2767,904.3809523809524
2768,904.6666666666666
2769,904.7619047619048
2770,904.7619047619048
2771,904.7619047619048
2772,904.7619047619048
2773,904.7619047619048
2774,904.8571428571429
2775,904.952380952381
2776,904.952380952381
2777,904.952380952381
2778,905.047619047619
2779,905.047619047619
2780,905.1428571428571
2781,905.1428571428571
2782,905.2380952380952
2783,905.2380952380952
2784,905.3333333333334
2785,905.3333333333334
2786,905.3333333333334
2787,905.4285714285714
2788,905.4285714285714
2789,905.4285714285714
2790,905.4285714285714
2791,905.4285714285714
2792,905.4285714285714
2793,905.5238095238095
2794,905.5238095238095
2795,905.5238095238095
2796,905.6190476190476
2797,905.7142857142857
2798,905.7142857142857
2799,905.7142857142857
2800,905.7142857142857
2801,905.8095238095239
2802,905.8095238095239
2803,905.8095238095239
2804,905.8095238095239
2805,905.8095238095239
2806,905.8095238095239
2807,905.9047619047619
2808,905.9047619047619
2809,906.0952380952381
2810,906.0952380952381
2811,906.1904761904761
2812,906.2857142857143
2813,906.2857142857143
2814,906.3809523809524
2815,906.3809523809524
2816,906.3809523809524
2817,906.4761904761905
2818,906.5714285714286
2819,906.5714285714286
2820,906.5714285714286
2821,906.5714285714286
2822,906.5714285714286
2823,906.5714285714286
2824,906.5714285714286
2825,906.5714285714286
2826,906.5714285714286
2827,906.6666666666666
2828,906.7619047619048
2829,906.7619047619048
2830,906.7619047619048
2831,906.7619047619048
2832,906.952380952381
2833,906.952380952381
2834,906.952380952381
2835,906.952380952381
2836,906.952380952381
2837,906.952380952381
2838,906.952380952381
2839,907.047619047619
2840,907.047619047619
2841,907.1428571428571
2842,907.1428571428571
2843,907.1428571428571
2844,907.1428571428571
2845,907.1428571428571
2846,907.1428571428571
2847,907.1428571428571
2848,907.1428571428571
2849,907.1428571428571
2850,907.1428571428571
2851,907.1428571428571
2852,907.2380952380952
2853,907.2380952380952
2854,907.4285714285714
2855,907.4285714285714
2856,907.4285714285714
2857,907.4285714285714
2858,907.5238095238095
2859,907.5238095238095
2860,907.5238095238095
2861,907.6190476190476
2862,907.7142857142857
2863,907.7142857142857
2864,907.7142857142857
2865,907.7142857142857
2866,907.8095238095239
2867,908.0952380952381
2868,908.0952380952381
2869,908.1904761904761
2870,908.1904761904761
2871,908.1904761904761
2872,908.1904761904761
2873,908.1904761904761
2874,908.1904761904761
2875,908.2857142857143
2876,908.2857142857143
2877,908.2857142857143
2878,908.2857142857143
2879,908.2857142857143
2880,908.2857142857143
2881,908.2857142857143
2882,908.2857142857143
2883,908.2857142857143
2884,908.2857142857143
2885,908.2857142857143
2886,908.2857142857143
2887,908.2857142857143
2888,908.2857142857143
2889,908.3809523809524
2890,908.3809523809524
2891,908.3809523809524
2892,908.3809523809524
2893,908.5714285714286
2894,908.5714285714286
2895,908.7619047619048
2896,908.952380952381
2897,909.047619047619
2898,909.047619047619
2899,909.1428571428571
2900,909.2380952380952
2901,909.3333333333334
2902,909.3333333333334
2903,909.3333333333334
2904,909.3333333333334
2905,909.3333333333334
2906,909.3333333333334
2907,909.3333333333334
2908,909.3333333333334
2909,909.3333333333334
2910,909.4285714285714
2911,909.4285714285714
2912,909.6190476190476
2913,909.6190476190476
2914,909.6190476190476
2915,909.7142857142857
2916,909.8095238095239
2917,909.8095238095239
2918,910
2919,910.0952380952381
2920,910.0952380952381
2921,910.0952380952381
2922,910.0952380952381
2923,910.0952380952381
2924,910.1904761904761
2925,910.2857142857143
2926,910.2857142857143
2927,910.2857142857143
2928,910.2857142857143
2929,910.2857142857143
2930,910.4761904761905
2931,910.5714285714286
2932,910.6666666666666
2933,910.6666666666666
2934,910.6666666666666
2935,910.6666666666666
2936,910.7619047619048
2937,910.7619047619048
2938,910.7619047619048
2939,910.7619047619048
2940,910.7619047619048
2941,910.7619047619048
2942,910.7619047619048
2943,910.7619047619048
2944,910.7619047619048
2945,910.7619047619048
2946,910.7619047619048
2947,910.8571428571429
2948,910.8571428571429
2949,910.8571428571429
2950,910.8571428571429
2951,910.952380952381
2952,911.047619047619
2953,911.047619047619
2954,911.047619047619
2955,911.1428571428571
2956,911.2380952380952
2957,911.3333333333334
2958,911.3333333333334
2959,911.4285714285714
2960,911.6190476190476
2961,911.6190476190476
2962,911.7142857142857
2963,911.7142857142857
2964,911.7142857142857
2965,911.7142857142857
2966,911.7142857142857
2967,911.7142857142857
2968,911.7142857142857
2969,911.7142857142857
2970,911.9047619047619
2971,912
2972,912
2973,912
2974,912
2975,912
2976,912.0952380952381
2977,912.0952380952381
2978,912.0952380952381
2979,912.0952380952381
2980,912.0952380952381
2981,912.1904761904761
2982,912.1904761904761
2983,912.1904761904761
2984,912.1904761904761
2985,912.1904761904761
2986,912.1904761904761
2987,912.2857142857143
2988,912.3809523809524
2989,912.4761904761905
2990,912.4761904761905
2991,912.4761904761905
2992,912.4761904761905
2993,912.4761904761905
2994,912.5714285714286
2995,912.5714285714286
2996,912.5714285714286
2997,912.6666666666666
2998,912.6666666666666
2999,912.6666666666666
3000,912.6666666666666
3001,912.7619047619048
3002,912.7619047619048
3003,912.7619047619048
3004,912.7619047619048
3005,912.7619047619048
3006,912.8571428571429
3007,912.952380952381
3008,912.952380952381
3009,912.952380952381
3010,912.952380952381
3011,913.047619047619
3012,913.1428571428571
3013,913.1428571428571
3014,913.1428571428571
3015,913.1428571428571
3016,913.1428571428571
3017,913.2380952380952
3018,913.3333333333334
3019,913.3333333333334
3020,913.3333333333334
3021,913.3333333333334
3022,913.4285714285714
3023,913.4285714285714
3024,913.4285714285714
3025,913.4285714285714
3026,913.4285714285714
3027,913.4285714285714
3028,913.4285714285714
3029,913.4285714285714
3030,913.4285714285714
3031,913.4285714285714
3032,913.4285714285714
3033,913.4285714285714
3034,913.5238095238095
3035,913.7142857142857
3036,913.7142857142857
3037,913.8095238095239
3038,913.9047619047619
3039,913.9047619047619
3040,913.9047619047619
3041,914
3042,914
3043,914
3044,914
3045,914
3046,914
3047,914
3048,914
3049,914
3050,914
3051,914
3052,914
3053,914
3054,914
3055,914
3056,914
3057,914
3058,914.0952380952381
3059,914.0952380952381
3060,914.0952380952381
3061,914.0952380952381
3062,914.0952380952381
3063,914.0952380952381
3064,914.0952380952381
3065,914.0952380952381
3066,914.0952380952381
3067,914.1904761904761
3068,914.1904761904761
3069,914.1904761904761
3070,914.1904761904761
3071,914.1904761904761
3072,914.1904761904761
3073,914.2857142857143
3074,914.2857142857143
3075,914.2857142857143
3076,914.2857142857143
3077,914.2857142857143
3078,914.3809523809524
3079,914.3809523809524
3080,914.4761904761905
3081,914.4761904761905
3082,914.4761904761905
3083,914.4761904761905
3084,914.4761904761905
3085,914.5714285714286
3086,914.5714285714286
3087,914.5714285714286
3088,914.5714285714286
3089,914.5714285714286
3090,914.5714285714286
3091,914.5714285714286
3092,914.5714285714286
3093,914.5714285714286
3094,914.5714285714286
3095,914.5714285714286
3096,914.5714285714286
3097,914.5714285714286
3098,914.6666666666666
3099,914.6666666666666
3100,914.7619047619048
3101,914.7619047619048
3102,914.7619047619048
3103,914.7619047619048
3104,914.7619047619048
3105,914.7619047619048
3106,914.7619047619048
3107,914.7619047619048
3108,914.7619047619048
3109,914.7619047619048
3110,914.952380952381
3111,914.952380952381
3112,914.952380952381
3113,915.047619047619
3114,915.047619047619
3115,915.047619047619
3116,915.047619047619
3117,915.047619047619
3118,915.047619047619
3119,915.047619047619
3120,915.047619047619
3121,915.1428571428571
3122,915.1428571428571
3123,915.2380952380952
3124,915.3333333333334
3125,915.3333333333334
3126,915.3333333333334
3127,915.4285714285714
3128,915.4285714285714
3129,915.4285714285714
3130,915.4285714285714
3131,915.5238095238095
3132,915.5238095238095
3133,915.5238095238095
3134,915.5238095238095
3135,915.5238095238095
3136,915.5238095238095
3137,915.5238095238095
3138,915.5238095238095
3139,915.6190476190476
3140,915.6190476190476
3141,915.6190476190476
3142,915.6190476190476
3143,915.6190476190476
3144,915.6190476190476
3145,915.6190476190476
3146,915.7142857142857
3147,915.7142857142857
3148,915.7142857142857
3149,915.8095238095239
3150,915.8095238095239
3151,915.9047619047619
3152,915.9047619047619
3153,915.9047619047619
3154,915.9047619047619
3155,915.9047619047619
3156,916
3157,916
3158,916
3159,916
3160,916.0952380952381
3161,916.0952380952381
3162,916.0952380952381
3163,916.0952380952381
3164,916.0952380952381
3165,916.0952380952381
3166,916.0952380952381
3167,916.0952380952381
3168,916.0952380952381
3169,916.1904761904761
3170,916.1904761904761
3171,916.3809523809524
3172,916.4761904761905
3173,916.4761904761905
3174,916.5714285714286
3175,916.5714285714286
3176,916.6666666666666
3177,916.6666666666666
3178,916.7619047619048
3179,916.7619047619048
3180,916.7619047619048
3181,916.952380952381
3182,916.952380952381
3183,917.047619047619
3184,917.1428571428571
3185,917.1428571428571
3186,917.1428571428571
3187,917.1428571428571
3188,917.1428571428571
3189,917.2380952380952
3190,917.3333333333334
3191,917.3333333333334
3192,917.3333333333334
3193,917.3333333333334
3194,917.3333333333334
3195,917.3333333333334
3196,917.3333333333334
3197,917.3333333333334
3198,917.4285714285714
3199,917.4285714285714
3200,917.4285714285714
3201,917.4285714285714
3202,917.4285714285714
3203,917.4285714285714
3204,917.4285714285714
3205,917.5238095238095
3206,917.5238095238095
3207,917.5238095238095
3208,917.5238095238095
3209,917.5238095238095
3210,917.6190476190476
3211,917.6190476190476
3212,917.6190476190476
3213,917.6190476190476
3214,917.6190476190476
3215,917.6190476190476
3216,917.7142857142857
3217,917.7142857142857
3218,917.7142857142857
3219,917.7142857142857
3220,917.7142857142857
3221,917.8095238095239
3222,917.8095238095239
3223,917.8095238095239
3224,917.8095238095239
3225,917.9047619047619
3226,917.9047619047619
3227,917.9047619047619
3228,917.9047619047619
3229,917.9047619047619
3230,918
3231,918
3232,918
3233,918
3234,918
3235,918
3236,918
3237,918
3238,918
3239,918
3240,918.0952380952381
3241,918.0952380952381
3242,918.0952380952381
3243,918.0952380952381
3244,918.0952380952381
3245,918.0952380952381
3246,918.1904761904761
3247,918.1904761904761
3248,918.1904761904761
3249,918.1904761904761
3250,918.2857142857143
3251,918.2857142857143
3252,918.2857142857143
3253,918.3809523809524
3254,918.4761904761905
3255,918.4761904761905
3256,918.4761904761905
3257,918.4761904761905
3258,918.4761904761905
3259,918.4761904761905
3260,918.5714285714286
3261,918.5714285714286
3262,918.6666666666666
3263,918.6666666666666
3264,918.6666666666666
3265,918.7619047619048
3266,918.7619047619048
3267,918.7619047619048
3268,918.952380952381
3269,918.952380952381
3270,918.952380952381
3271,918.952380952381
3272,918.952380952381
3273,918.952380952381
3274,918.952380952381
3275,918.952380952381
3276,918.952380952381
3277,918.952380952381
3278,918.952380952381
3279,919.2380952380952
3280,919.3333333333334
3281,919.4285714285714
3282,919.6190476190476
3283,919.6190476190476
3284,919.6190476190476
3285,919.6190476190476
3286,919.7142857142857
3287,919.7142857142857
3288,919.7142857142857
3289,919.9047619047619
3290,919.9047619047619
3291,920
3292,920.0952380952381
3293,920.0952380952381
3294,920.1904761904761
3295,920.1904761904761
3296,920.1904761904761
3297,920.1904761904761
3298,920.1904761904761
3299,920.2857142857143
3300,920.2857142857143
3301,920.3809523809524
3302,920.3809523809524
3303,920.4761904761905
3304,920.5714285714286
3305,920.5714285714286
3306,920.5714285714286
3307,920.5714285714286
3308,920.6666666666666
3309,920.6666666666666
3310,920.6666666666666
3311,920.6666666666666
3312,920.6666666666666
3313,920.6666666666666
3314,920.6666666666666
3315,920.6666666666666
3316,920.6666666666666
3317,920.6666666666666
3318,920.6666666666666
3319,920.7619047619048
3320,920.7619047619048
3321,920.7619047619048
3322,920.7619047619048
3323,920.8571428571429
3324,920.952380952381
3325,920.952380952381
3326,921.047619047619
3327,921.047619047619
3328,921.047619047619
3329,921.047619047619
3330,921.047619047619
3331,921.047619047619
3332,921.047619047619
3333,921.047619047619
3334,921.1428571428571
3335,921.1428571428571
3336,921.1428571428571
3337,921.1428571428571
3338,921.1428571428571
3339,921.2380952380952
3340,921.3333333333334
3341,921.3333333333334
3342,921.3333333333334
3343,921.4285714285714
3344,921.6190476190476
3345,921.6190476190476
3346,921.6190476190476
3347,921.6190476190476
3348,921.7142857142857
3349,921.7142857142857
3350,921.8095238095239
3351,921.8095238095239
3352,921.8095238095239
3353,921.8095238095239
3354,921.8095238095239
3355,921.8095238095239
3356,921.8095238095239
3357,921.8095238095239
3358,921.8095238095239
3359,921.8095238095239
3360,921.8095238095239
3361,921.8095238095239
3362,922
3363,922
3364,922
3365,922.0952380952381
3366,922.0952380952381
3367,922.0952380952381
3368,922.0952380952381
3369,922.0952380952381
3370,922.0952380952381
3371,922.0952380952381
3372,922.0952380952381
3373,922.1904761904761
3374,922.2857142857143
3375,922.2857142857143
3376,922.2857142857143
3377,922.2857142857143
3378,922.2857142857143
3379,922.2857142857143
3380,922.4761904761905
3381,922.4761904761905
3382,922.4761904761905
3383,922.5714285714286
3384,922.5714285714286
3385,922.6666666666666
3386,922.7619047619048
3387,922.7619047619048
3388,922.7619047619048
3389,922.7619047619048
3390,922.7619047619048
3391,922.7619047619048
3392,922.7619047619048
3393,922.7619047619048
3394,922.7619047619048
3395,922.7619047619048
3396,922.8571428571429
3397,922.8571428571429
3398,922.952380952381
3399,922.952380952381
3400,922.952380952381
3401,922.952380952381
3402,923.047619047619
3403,923.047619047619
3404,923.2380952380952
3405,923.3333333333334
3406,923.3333333333334
3407,923.4285714285714
3408,923.4285714285714
3409,923.4285714285714
3410,923.4285714285714
3411,923.4285714285714
3412,923.4285714285714
3413,923.4285714285714
3414,923.5238095238095
3415,923.5238095238095
3416,923.6190476190476
3417,923.6190476190476
3418,923.6190476190476
3419,923.6190476190476
3420,923.6190476190476
3421,923.6190476190476
3422,923.6190476190476
3423,923.6190476190476
3424,923.7142857142857
3425,923.7142857142857
3426,923.7142857142857
3427,923.7142857142857
3428,923.7142857142857
3429,923.7142857142857
3430,923.7142857142857
3431,923.7142857142857
3432,923.7142857142857
3433,923.7142857142857
3434,923.8095238095239
3435,923.8095238095239
3436,923.8095238095239
3437,923.9047619047619
3438,923.9047619047619
3439,924
3440,924.0952380952381
3441,924.1904761904761
3442,924.1904761904761
3443,924.1904761904761
3444,924.1904761904761
3445,924.1904761904761
3446,924.2857142857143
3447,924.2857142857143
3448,924.2857142857143
3449,924.2857142857143
3450,924.3809523809524
3451,924.3809523809524
3452,924.3809523809524
3453,924.4761904761905
3454,924.5714285714286
3455,924.6666666666666
3456,924.6666666666666
3457,924.6666666666666
3458,924.6666666666666
3459,924.6666666666666
3460,924.6666666666666
3461,924.7619047619048
3462,924.7619047619048
3463,924.7619047619048
3464,924.7619047619048
3465,924.7619047619048
3466,924.7619047619048
3467,924.7619047619048
3468,924.7619047619048
3469,924.7619047619048
3470,924.7619047619048
3471,924.952380952381
3472,924.952380952381
3473,924.952380952381
3474,924.952380952381
3475,925.1428571428571
3476,925.1428571428571
3477,925.1428571428571
3478,925.1428571428571
3479,925.1428571428571
3480,925.1428571428571
3481,925.1428571428571
3482,925.1428571428571
3483,925.2380952380952
3484,925.2380952380952
3485,925.2380952380952
3486,925.3333333333334
3487,925.3333333333334
3488,925.4285714285714
3489,925.4285714285714
3490,925.4285714285714
3491,925.4285714285714
3492,925.4285714285714
3493,925.4285714285714
3494,925.4285714285714
3495,925.4285714285714
3496,925.4285714285714
3497,925.4285714285714
3498,925.4285714285714
3499,925.4285714285714
3500,925.4285714285714
3501,925.4285714285714
3502,925.4285714285714
3503,925.5238095238095
3504,925.5238095238095
3505,925.5238095238095
3506,925.5238095238095
3507,925.5238095238095
3508,925.5238095238095
3509,925.5238095238095
3510,925.5238095238095
3511,925.5238095238095
3512,925.5238095238095
3513,925.5238095238095
3514,925.6190476190476
3515,925.6190476190476
3516,925.6190476190476
3517,925.6190476190476
3518,925.6190476190476
3519,925.6190476190476
3520,925.6190476190476
3521,925.6190476190476
3522,925.7142857142857
3523,925.7142857142857
3524,925.8095238095239
3525,925.8095238095239
3526,925.8095238095239
3527,925.8095238095239
3528,925.8095238095239
3529,925.8095238095239
3530,925.8095238095239
3531,925.8095238095239
3532,925.8095238095239
3533,925.8095238095239
3534,925.8095238095239
3535,925.8095238095239
3536,925.8095238095239
3537,925.8095238095239
3538,925.8095238095239
3539,925.8095238095239
3540,925.9047619047619
3541,925.9047619047619
3542,925.9047619047619
3543,925.9047619047619
3544,925.9047619047619
3545,925.9047619047619
3546,926
3547,926.0952380952381
3548,926.0952380952381
3549,926.0952380952381
3550,926.0952380952381
3551,926.1904761904761
3552,926.2857142857143
3553,926.2857142857143
3554,926.2857142857143
3555,926.3809523809524
3556,926.4761904761905
3557,926.5714285714286
3558,926.6666666666666
3559,926.7619047619048
3560,926.7619047619048
3561,926.8571428571429
3562,926.8571428571429
3563,926.8571428571429
3564,926.8571428571429
3565,926.8571428571429
3566,926.8571428571429
3567,926.8571428571429
3568,926.952380952381
3569,926.952380952381
3570,926.952380952381
3571,926.952380952381
3572,926.952380952381
3573,926.952380952381
3574,926.952380952381
3575,926.952380952381
3576,926.952380952381
3577,926.952380952381
3578,926.952380952381
3579,927.047619047619
3580,927.047619047619
3581,927.047619047619
3582,927.047619047619
3583,927.047619047619
3584,927.1428571428571
3585,927.1428571428571
3586,927.1428571428571
3587,927.2380952380952
3588,927.2380952380952
3589,927.2380952380952
3590,927.2380952380952
3591,927.2380952380952
3592,927.2380952380952
3593,927.2380952380952
3594,927.2380952380952
3595,927.2380952380952
3596,927.2380952380952
3597,927.3333333333334
3598,927.3333333333334
3599,927.3333333333334
3600,927.3333333333334
3601,927.3333333333334
3602,927.3333333333334
3603,927.3333333333334
3604,927.3333333333334
3605,927.4285714285714
3606,927.4285714285714
3607,927.4285714285714
3608,927.4285714285714
3609,927.5238095238095
3610,927.5238095238095
3611,927.5238095238095
3612,927.5238095238095
3613,927.5238095238095
3614,927.5238095238095
3615,927.5238095238095
3616,927.5238095238095
3617,927.6190476190476
3618,927.6190476190476
3619,927.6190476190476
3620,927.7142857142857
3621,927.7142857142857
3622,927.7142857142857
3623,927.7142857142857
3624,927.8095238095239
3625,927.8095238095239
3626,928.0952380952381
3627,928.1904761904761
3628,928.1904761904761
3629,928.2857142857143
3630,928.2857142857143
3631,928.2857142857143
3632,928.2857142857143
3633,928.3809523809524
3634,928.3809523809524
3635,928.3809523809524
3636,928.4761904761905
3637,928.4761904761905
3638,928.4761904761905
3639,928.4761904761905
3640,928.4761904761905
3641,928.4761904761905
3642,928.4761904761905
3643,928.5714285714286
3644,928.5714285714286
3645,928.5714285714286
3646,928.5714285714286
3647,928.5714285714286
3648,928.5714285714286
3649,928.5714285714286
3650,928.5714285714286
3651,928.5714285714286
3652,928.5714285714286
3653,928.6666666666666
3654,928.6666666666666
3655,928.6666666666666
3656,928.6666666666666
3657,928.6666666666666
3658,928.6666666666666
3659,928.6666666666666
3660,928.7619047619048
3661,928.7619047619048
3662,928.7619047619048
3663,928.7619047619048
3664,928.7619047619048
3665,928.7619047619048
3666,928.7619047619048
3667,928.7619047619048
3668,928.7619047619048
3669,928.7619047619048
3670,928.7619047619048
3671,928.952380952381
3672,929.047619047619
3673,929.047619047619
3674,929.047619047619
3675,929.047619047619
3676,929.1428571428571
3677,929.2380952380952
3678,929.2380952380952
3679,929.3333333333334
3680,929.3333333333334
3681,929.4285714285714
3682,929.4285714285714
3683,929.4285714285714
3684,929.4285714285714
3685,929.5238095238095
3686,929.5238095238095
3687,929.5238095238095
3688,929.5238095238095
3689,929.6190476190476
3690,929.6190476190476
3691,929.6190476190476
3692,929.6190476190476
3693,929.7142857142857
3694,929.8095238095239
3695,929.8095238095239
3696,929.8095238095239
3697,929.9047619047619
3698,929.9047619047619
3699,930
3700,930
3701,930
3702,930.1904761904761
3703,930.1904761904761
3704,930.1904761904761
3705,930.1904761904761
3706,930.1904761904761
3707,930.2857142857143
3708,930.2857142857143
3709,930.3809523809524
3710,930.4761904761905
3711,930.4761904761905
3712,930.4761904761905
3713,930.4761904761905
3714,930.5714285714286
3715,930.5714285714286
3716,930.5714285714286
3717,930.5714285714286
3718,930.5714285714286
3719,930.5714285714286
3720,930.6666666666666
3721,930.6666666666666
3722,930.6666666666666
3723,930.6666666666666
3724,930.6666666666666
3725,930.6666666666666
3726,930.6666666666666
3727,930.6666666666666
3728,930.8571428571429
3729,930.8571428571429
3730,930.8571428571429
3731,930.8571428571429
3732,930.8571428571429
3733,930.952380952381
3734,930.952380952381
3735,930.952380952381
3736,930.952380952381
3737,930.952380952381
3738,931.047619047619
3739,931.047619047619
3740,931.047619047619
3741,931.047619047619
3742,931.047619047619
3743,931.1428571428571
3744,931.1428571428571
3745,931.1428571428571
3746,931.1428571428571
3747,931.1428571428571
3748,931.1428571428571
3749,931.1428571428571
3750,931.1428571428571
3751,931.2380952380952
3752,931.2380952380952
3753,931.2380952380952
3754,931.2380952380952
3755,931.2380952380952
3756,931.3333333333334
3757,931.3333333333334
3758,931.3333333333334
3759,931.3333333333334
3760,931.4285714285714
3761,931.5238095238095
3762,931.5238095238095
3763,931.5238095238095
3764,931.5238095238095
3765,931.6190476190476
3766,931.6190476190476
3767,931.6190476190476
3768,931.6190476190476
3769,931.6190476190476
3770,931.6190476190476
3771,931.6190476190476
3772,931.6190476190476
3773,931.6190476190476
3774,931.6190476190476
3775,931.6190476190476
3776,931.6190476190476
3777,931.6190476190476
3778,931.7142857142857
3779,931.7142857142857
3780,931.7142857142857
3781,931.7142857142857
3782,931.7142857142857
3783,931.7142857142857
3784,931.7142857142857
3785,931.7142857142857
3786,931.7142857142857
3787,931.7142857142857
3788,931.8095238095239
3789,931.9047619047619
3790,931.9047619047619
3791,931.9047619047619
3792,931.9047619047619
3793,931.9047619047619
3794,932.0952380952381
3795,932.0952380952381
3796,932.0952380952381
3797,932.2857142857143
3798,932.2857142857143
3799,932.3809523809524
3800,932.4761904761905
3801,932.4761904761905
3802,932.4761904761905
3803,932.4761904761905
3804,932.4761904761905
3805,932.4761904761905
3806,932.5714285714286
3807,932.5714285714286
3808,932.5714285714286
3809,932.5714285714286
3810,932.6666666666666
3811,932.6666666666666
3812,932.6666666666666
3813,932.6666666666666
3814,932.6666666666666
3815,932.6666666666666
3816,932.8571428571429
3817,932.8571428571429
3818,932.8571428571429
3819,932.952380952381
3820,932.952380952381
3821,932.952380952381
3822,932.952380952381
3823,933.047619047619
3824,933.047619047619
3825,933.047619047619
3826,933.047619047619
3827,933.047619047619
3828,933.047619047619
3829,933.1428571428571
3830,933.1428571428571
3831,933.1428571428571
3832,933.1428571428571
3833,933.1428571428571
3834,933.1428571428571
3835,933.1428571428571
3836,933.1428571428571
3837,933.1428571428571
3838,933.1428571428571
3839,933.1428571428571
3840,933.1428571428571
3841,933.1428571428571
3842,933.1428571428571
3843,933.1428571428571
3844,933.1428571428571
3845,933.1428571428571
3846,933.1428571428571
3847,933.1428571428571
3848,933.1428571428571
3849,933.1428571428571
3850,933.2380952380952
3851,933.2380952380952
3852,933.2380952380952
3853,933.2380952380952
3854,933.2380952380952
3855,933.2380952380952
3856,933.3333333333334
3857,933.3333333333334
3858,933.4285714285714
3859,933.4285714285714
3860,933.5238095238095
3861,933.5238095238095
3862,933.5238095238095
3863,933.5238095238095
3864,933.5238095238095
3865,933.5238095238095
3866,933.5238095238095
3867,933.6190476190476
3868,933.6190476190476
3869,933.6190476190476
3870,933.7142857142857
3871,933.7142857142857
3872,933.7142857142857
3873,933.7142857142857
3874,933.7142857142857
3875,933.7142857142857
3876,933.7142857142857
3877,933.7142857142857
3878,933.7142857142857
3879,933.7142857142857
3880,933.7142857142857
3881,933.7142857142857
3882,933.7142857142857
3883,933.7142857142857
3884,933.8095238095239
3885,933.9047619047619
3886,933.9047619047619
3887,933.9047619047619
3888,933.9047619047619
3889,933.9047619047619
3890,934
3891,934
3892,934
3893,934
3894,934
3895,934
3896,934
3897,934.0952380952381
3898,934.0952380952381
3899,934.0952380952381
3900,934.0952380952381
3901,934.0952380952381
3902,934.0952380952381
3903,934.0952380952381
3904,934.0952380952381
3905,934.0952380952381
3906,934.0952380952381
3907,934.0952380952381
3908,934.0952380952381
3909,934.0952380952381
3910,934.0952380952381
3911,934.0952380952381
3912,934.0952380952381
3913,934.0952380952381
3914,934.0952380952381
3915,934.0952380952381
3916,934.0952380952381
3917,934.0952380952381
3918,934.0952380952381
3919,934.0952380952381
3920,934.0952380952381
3921,934.0952380952381
3922,934.0952380952381
3923,934.0952380952381
3924,934.1904761904761
3925,934.3809523809524
3926,934.4761904761905
3927,934.4761904761905
3928,934.5714285714286
3929,934.5714285714286
3930,934.6666666666666
3931,934.6666666666666
3932,934.7619047619048
3933,934.7619047619048
3934,934.7619047619048
3935,934.7619047619048
3936,934.7619047619048
3937,934.7619047619048
3938,934.7619047619048
3939,934.7619047619048
3940,934.7619047619048
3941,934.7619047619048
3942,934.7619047619048
3943,934.8571428571429
3944,934.8571428571429
3945,934.8571428571429
3946,934.8571428571429
3947,934.952380952381
3948,934.952380952381
3949,934.952380952381
3950,934.952380952381
3951,934.952380952381
3952,934.952380952381
3953,934.952380952381
3954,934.952380952381
3955,934.952380952381
3956,935.047619047619
3957,935.047619047619
3958,935.047619047619
3959,935.047619047619
3960,935.047619047619
3961,935.047619047619
3962,935.047619047619
3963,935.1428571428571
3964,935.1428571428571
3965,935.2380952380952
3966,935.2380952380952
3967,935.2380952380952
3968,935.2380952380952
3969,935.2380952380952
3970,935.2380952380952
3971,935.3333333333334
3972,935.3333333333334
3973,935.3333333333334
3974,935.4285714285714
3975,935.4285714285714
3976,935.4285714285714
3977,935.4285714285714
3978,935.5238095238095
3979,935.5238095238095
3980,935.5238095238095
3981,935.5238095238095
3982,935.5238095238095
3983,935.5238095238095
3984,935.5238095238095
3985,935.5238095238095
3986,935.5238095238095
3987,935.5238095238095
3988,935.6190476190476
3989,935.6190476190476
3990,935.6190476190476
3991,935.6190476190476
3992,935.6190476190476
3993,935.6190476190476
3994,935.6190476190476
3995,935.6190476190476
3996,935.7142857142857
3997,935.8095238095239
3998,935.8095238095239
3999,935.8095238095239
4000,935.8095238095239
